	epoch	train_loss	train_acc	test_loss	test_acc	width	nonlin	criterion
0	1	2.0662	0.2567	2.0419	0.2754	64	relu	xent
1	2	2.0722	0.2623	2.0879	0.2579	64	relu	xent
2	3	2.0762	0.2637	2.1167	0.2725	64	relu	xent
3	4	2.0924	0.2482	2.1070	0.2669	64	relu	xent
4	5	2.0743	0.2604	2.1070	0.2510	64	relu	xent
5	6	2.0930	0.2525	2.1579	0.2160	64	relu	xent
6	7	2.0929	0.2395	2.0783	0.2479	64	relu	xent
7	8	2.0986	0.2454	2.0722	0.2500	64	relu	xent
8	9	2.1057	0.2308	2.1018	0.2155	64	relu	xent
9	10	2.0545	0.2579	2.1631	0.2177	64	relu	xent
10	11	2.1063	0.2389	2.1098	0.2269	64	relu	xent
11	12	2.0755	0.2508	2.0714	0.2401	64	relu	xent
12	13	2.0555	0.2531	2.1538	0.2503	64	relu	xent
13	14	2.0712	0.2468	2.1033	0.2733	64	relu	xent
14	15	2.0852	0.2390	2.1419	0.2173	64	relu	xent
15	16	2.1835	0.1824	2.1916	0.1960	64	relu	xent
16	17	2.1176	0.2213	2.1950	0.2022	64	relu	xent
17	18	2.1038	0.2318	2.2173	0.2193	64	relu	xent
18	19	2.1490	0.2073	2.1397	0.2444	64	relu	xent
19	20	2.1198	0.2200	2.1594	0.2267	64	relu	xent
20	1	2.0560	0.2720	2.0797	0.2764	128	relu	xent
21	2	2.0822	0.2639	2.1946	0.2621	128	relu	xent
22	3	2.0757	0.2643	2.1177	0.2785	128	relu	xent
23	4	2.0820	0.2633	2.0329	0.2786	128	relu	xent
24	5	2.0698	0.2668	2.0790	0.2711	128	relu	xent
25	6	2.0830	0.2592	2.0703	0.2933	128	relu	xent
26	7	2.0831	0.2621	2.1109	0.2239	128	relu	xent
27	8	2.0492	0.2784	2.1147	0.2647	128	relu	xent
28	9	2.0669	0.2638	2.0957	0.2663	128	relu	xent
29	10	2.0695	0.2612	2.1405	0.2419	128	relu	xent
30	11	2.1025	0.2535	2.1265	0.2543	128	relu	xent
31	12	2.0729	0.2613	2.1032	0.2422	128	relu	xent
32	13	2.0630	0.2638	2.0955	0.2885	128	relu	xent
33	14	2.0658	0.2646	2.1179	0.2939	128	relu	xent
34	15	2.0852	0.2517	2.1008	0.2402	128	relu	xent
35	16	2.0721	0.2609	2.0885	0.2690	128	relu	xent
36	17	2.0556	0.2707	2.1003	0.2493	128	relu	xent
37	18	2.0443	0.2746	2.1135	0.2591	128	relu	xent
38	19	2.0611	0.2601	2.1391	0.2793	128	relu	xent
39	20	2.0535	0.2705	2.1621	0.2026	128	relu	xent
40	1	2.0389	0.2825	2.1644	0.2735	256	relu	xent
41	2	2.0485	0.2796	2.1419	0.2491	256	relu	xent
42	3	2.0623	0.2795	2.0851	0.2759	256	relu	xent
43	4	2.0648	0.2765	2.0760	0.2784	256	relu	xent
44	5	2.0748	0.2706	2.1154	0.2677	256	relu	xent
45	6	2.0776	0.2688	2.1410	0.2291	256	relu	xent
46	7	2.0606	0.2769	2.0523	0.2950	256	relu	xent
47	8	2.0650	0.2734	2.1860	0.2349	256	relu	xent
48	9	2.0604	0.2801	2.0883	0.2756	256	relu	xent
49	10	2.0646	0.2700	2.0763	0.2601	256	relu	xent
50	11	2.0603	0.2694	2.0978	0.2414	256	relu	xent
51	12	2.0520	0.2746	2.1529	0.2524	256	relu	xent
52	13	2.0767	0.2661	2.1227	0.2491	256	relu	xent
53	14	2.0565	0.2753	2.0478	0.2876	256	relu	xent
54	15	2.0471	0.2785	2.1173	0.2426	256	relu	xent
55	16	2.0633	0.2703	2.1391	0.2554	256	relu	xent
56	17	2.0357	0.2853	2.1774	0.2766	256	relu	xent
57	18	2.0384	0.2852	2.0685	0.2771	256	relu	xent
58	19	2.0522	0.2741	2.1119	0.2767	256	relu	xent
59	20	2.0298	0.2829	2.1409	0.2669	256	relu	xent
60	1	1.9991	0.2977	2.0194	0.3009	512	relu	xent
61	2	2.0209	0.3047	2.0354	0.3024	512	relu	xent
62	3	2.0351	0.2957	2.0348	0.2873	512	relu	xent
63	4	2.0345	0.2978	2.0687	0.2657	512	relu	xent
64	5	2.0413	0.2914	2.1149	0.2621	512	relu	xent
65	6	2.0442	0.2840	2.0880	0.2627	512	relu	xent
66	7	2.0431	0.2890	2.0970	0.2958	512	relu	xent
67	8	2.0419	0.2883	2.0600	0.2882	512	relu	xent
68	9	2.0481	0.2835	2.0670	0.2846	512	relu	xent
69	10	2.0611	0.2787	2.1692	0.3021	512	relu	xent
70	11	2.0643	0.2749	2.0705	0.2910	512	relu	xent
71	12	2.0539	0.2841	2.1482	0.2569	512	relu	xent
72	13	2.0604	0.2780	2.1338	0.2764	512	relu	xent
73	14	2.0602	0.2752	2.0989	0.2773	512	relu	xent
74	15	2.0446	0.2909	2.1293	0.2663	512	relu	xent
75	16	2.0463	0.2845	2.1991	0.2848	512	relu	xent
76	17	2.0616	0.2799	2.1755	0.2678	512	relu	xent
77	18	2.0579	0.2784	2.1458	0.2646	512	relu	xent
78	19	2.0604	0.2815	2.2165	0.2519	512	relu	xent
79	20	2.0700	0.2738	2.1407	0.2632	512	relu	xent
80	1	1.9784	0.3070	1.9425	0.3169	1024	relu	xent
81	2	1.9903	0.3123	1.9966	0.3043	1024	relu	xent
82	3	2.0030	0.3122	2.0365	0.2913	1024	relu	xent
83	4	2.0069	0.3099	2.0495	0.3020	1024	relu	xent
84	5	2.0128	0.3094	2.2048	0.2965	1024	relu	xent
85	6	2.0154	0.3043	2.0184	0.2953	1024	relu	xent
86	7	2.0038	0.3084	2.0655	0.2985	1024	relu	xent
87	8	2.0332	0.3021	2.0669	0.2799	1024	relu	xent
88	9	2.0214	0.3005	2.0483	0.2857	1024	relu	xent
89	10	2.0289	0.2961	2.1576	0.2578	1024	relu	xent
90	11	2.0320	0.2935	2.1085	0.2868	1024	relu	xent
91	12	2.0392	0.2912	2.1068	0.2848	1024	relu	xent
92	13	2.0253	0.2946	2.1322	0.2818	1024	relu	xent
93	14	2.0263	0.2980	2.1775	0.2525	1024	relu	xent
94	15	2.0313	0.2935	2.1393	0.2742	1024	relu	xent
95	16	2.0480	0.2843	2.2689	0.2547	1024	relu	xent
96	17	2.0682	0.2772	2.1941	0.2566	1024	relu	xent
97	18	2.0645	0.2761	2.2272	0.2505	1024	relu	xent
98	19	2.0721	0.2685	2.2997	0.2308	1024	relu	xent
99	20	2.0699	0.2732	2.2591	0.2360	1024	relu	xent
100	1	1.9625	0.3179	2.1239	0.2615	2048	relu	xent
101	2	1.9429	0.3376	2.0070	0.3329	2048	relu	xent
102	3	1.9514	0.3367	1.9754	0.3224	2048	relu	xent
103	4	1.9673	0.3312	1.9388	0.3371	2048	relu	xent
104	5	1.9651	0.3295	2.1563	0.2926	2048	relu	xent
105	6	1.9800	0.3267	2.0221	0.3173	2048	relu	xent
106	7	1.9827	0.3314	2.3250	0.3001	2048	relu	xent
107	8	1.9775	0.3280	2.0584	0.2885	2048	relu	xent
108	9	2.0017	0.3190	2.0837	0.2760	2048	relu	xent
109	10	2.0005	0.3178	2.1227	0.3121	2048	relu	xent
110	11	1.9983	0.3167	2.1164	0.2736	2048	relu	xent
111	12	2.0141	0.3076	2.1538	0.3036	2048	relu	xent
112	13	1.9820	0.3206	2.1648	0.2884	2048	relu	xent
113	14	2.0076	0.3104	2.1545	0.2791	2048	relu	xent
114	15	2.0505	0.2901	2.2025	0.2645	2048	relu	xent
115	16	2.0222	0.2979	2.1794	0.2886	2048	relu	xent
116	17	2.0100	0.3071	2.3086	0.2678	2048	relu	xent
117	18	2.0443	0.2970	2.3261	0.2708	2048	relu	xent
118	19	2.0368	0.2950	2.2178	0.2647	2048	relu	xent
119	20	2.0344	0.2977	2.1697	0.2504	2048	relu	xent
120	1	1.9417	0.3237	1.9190	0.3616	4096	relu	xent
121	2	1.9146	0.3444	2.4330	0.3162	4096	relu	xent
122	3	1.9140	0.3470	2.3853	0.3173	4096	relu	xent
123	4	1.9146	0.3502	1.9696	0.3328	4096	relu	xent
124	5	1.9105	0.3525	2.0333	0.3431	4096	relu	xent
125	6	1.9118	0.3549	1.9686	0.3362	4096	relu	xent
126	7	1.9217	0.3498	2.0849	0.3295	4096	relu	xent
127	8	1.9308	0.3553	2.0634	0.3072	4096	relu	xent
128	9	1.9275	0.3501	2.1374	0.3181	4096	relu	xent
129	10	1.9306	0.3494	2.0868	0.3043	4096	relu	xent
130	11	1.9312	0.3489	2.1001	0.3147	4096	relu	xent
131	12	1.9195	0.3542	2.0871	0.2987	4096	relu	xent
132	13	1.9280	0.3514	2.1353	0.3001	4096	relu	xent
133	14	1.9485	0.3443	2.1805	0.2946	4096	relu	xent
134	15	1.9448	0.3428	2.1592	0.2907	4096	relu	xent
135	16	1.9400	0.3458	2.1543	0.3091	4096	relu	xent
136	17	1.9327	0.3454	2.2847	0.2762	4096	relu	xent
137	18	1.9425	0.3457	2.2386	0.2687	4096	relu	xent
138	19	1.9565	0.3403	2.3020	0.2737	4096	relu	xent
139	20	1.9640	0.3331	2.2006	0.2712	4096	relu	xent
140	1	1.9307	0.3307	2.3782	0.3330	8192	relu	xent
141	2	1.8880	0.3595	2.1241	0.3256	8192	relu	xent
142	3	1.8776	0.3660	1.9541	0.3535	8192	relu	xent
143	4	1.8721	0.3686	1.9258	0.3655	8192	relu	xent
144	5	1.8722	0.3752	1.9267	0.3424	8192	relu	xent
145	6	1.8671	0.3786	1.9488	0.3303	8192	relu	xent
146	7	1.8686	0.3808	1.9664	0.3148	8192	relu	xent
147	8	1.8620	0.3807	2.0376	0.3447	8192	relu	xent
148	9	1.8596	0.3857	2.0398	0.3474	8192	relu	xent
149	10	1.8793	0.3832	2.1018	0.3215	8192	relu	xent
150	11	1.8497	0.3870	2.0866	0.3427	8192	relu	xent
151	12	1.8527	0.3838	2.1666	0.3354	8192	relu	xent
152	13	1.8659	0.3864	2.1754	0.3378	8192	relu	xent
153	14	1.8647	0.3888	2.1710	0.3084	8192	relu	xent
154	15	1.8470	0.3894	2.1307	0.3306	8192	relu	xent
155	16	1.8532	0.3888	2.2100	0.3084	8192	relu	xent
156	17	1.8559	0.3901	2.4104	0.3005	8192	relu	xent
157	18	1.8943	0.3756	2.5063	0.3077	8192	relu	xent
158	19	1.8600	0.3860	2.3784	0.3107	8192	relu	xent
159	20	1.8673	0.3831	2.3023	0.2891	8192	relu	xent
160	1	0.0759	0.3861	2.1312	0.4331	64	relu	mse
161	2	0.0701	0.4561	2.0939	0.4596	64	relu	mse
162	3	0.0675	0.4811	2.0788	0.4783	64	relu	mse
163	4	0.0655	0.5039	2.0798	0.4764	64	relu	mse
164	5	0.0643	0.5170	2.0803	0.4876	64	relu	mse
165	6	0.0629	0.5303	2.0593	0.4930	64	relu	mse
166	7	0.0619	0.5409	2.0501	0.4895	64	relu	mse
167	8	0.0611	0.5497	2.0523	0.4994	64	relu	mse
168	9	0.0602	0.5591	2.0482	0.4924	64	relu	mse
169	10	0.0595	0.5663	2.0473	0.4994	64	relu	mse
170	11	0.0587	0.5746	2.0537	0.4939	64	relu	mse
171	12	0.0582	0.5811	2.0488	0.4932	64	relu	mse
172	13	0.0576	0.5842	2.0502	0.4967	64	relu	mse
173	14	0.0569	0.5903	2.0441	0.4980	64	relu	mse
174	15	0.0563	0.5985	2.0378	0.5008	64	relu	mse
175	16	0.0559	0.6031	2.0431	0.5028	64	relu	mse
176	17	0.0553	0.6083	2.0393	0.5036	64	relu	mse
177	18	0.0549	0.6109	2.0312	0.4993	64	relu	mse
178	19	0.0545	0.6160	2.0293	0.5022	64	relu	mse
179	20	0.0539	0.6210	2.0343	0.5034	64	relu	mse
180	1	0.0750	0.3984	2.1226	0.4429	128	relu	mse
181	2	0.0687	0.4714	2.0939	0.4774	128	relu	mse
182	3	0.0656	0.5046	2.0811	0.4790	128	relu	mse
183	4	0.0636	0.5255	2.0535	0.4990	128	relu	mse
184	5	0.0615	0.5459	2.0589	0.5031	128	relu	mse
185	6	0.0601	0.5628	2.0391	0.5044	128	relu	mse
186	7	0.0586	0.5779	2.0504	0.5045	128	relu	mse
187	8	0.0572	0.5921	2.0573	0.5042	128	relu	mse
188	9	0.0559	0.6042	2.0315	0.5074	128	relu	mse
189	10	0.0548	0.6172	2.0370	0.5156	128	relu	mse
190	11	0.0537	0.6267	2.0308	0.5129	128	relu	mse
191	12	0.0527	0.6379	2.0255	0.5090	128	relu	mse
192	13	0.0517	0.6480	2.0218	0.5082	128	relu	mse
193	14	0.0507	0.6567	2.0125	0.5107	128	relu	mse
194	15	0.0498	0.6647	2.0457	0.5031	128	relu	mse
195	16	0.0490	0.6758	2.0132	0.5175	128	relu	mse
196	17	0.0481	0.6824	2.0232	0.5041	128	relu	mse
197	18	0.0474	0.6881	2.0226	0.5012	128	relu	mse
198	19	0.0466	0.6963	2.0224	0.5095	128	relu	mse
199	20	0.0459	0.7050	2.0297	0.5069	128	relu	mse
200	1	0.0744	0.4078	2.1158	0.4656	256	relu	mse
201	2	0.0675	0.4852	2.0824	0.4922	256	relu	mse
202	3	0.0643	0.5207	2.0595	0.4977	256	relu	mse
203	4	0.0616	0.5480	2.0555	0.5127	256	relu	mse
204	5	0.0593	0.5711	2.0294	0.5147	256	relu	mse
205	6	0.0573	0.5929	2.0382	0.5231	256	relu	mse
206	7	0.0555	0.6145	2.0211	0.5188	256	relu	mse
207	8	0.0536	0.6321	1.9960	0.5219	256	relu	mse
208	9	0.0520	0.6495	2.0192	0.5272	256	relu	mse
209	10	0.0503	0.6668	2.0154	0.5184	256	relu	mse
210	11	0.0485	0.6838	2.0100	0.5260	256	relu	mse
211	12	0.0471	0.7012	2.0051	0.5317	256	relu	mse
212	13	0.0457	0.7129	1.9894	0.5299	256	relu	mse
213	14	0.0442	0.7279	1.9973	0.5265	256	relu	mse
214	15	0.0429	0.7416	2.0014	0.5249	256	relu	mse
215	16	0.0415	0.7531	2.0075	0.5243	256	relu	mse
216	17	0.0404	0.7671	1.9890	0.5233	256	relu	mse
217	18	0.0391	0.7757	1.9862	0.5260	256	relu	mse
218	19	0.0380	0.7882	1.9911	0.5272	256	relu	mse
219	20	0.0368	0.7988	1.9863	0.5201	256	relu	mse
220	1	0.0740	0.4122	2.1008	0.4666	512	relu	mse
221	2	0.0668	0.4940	2.0738	0.4969	512	relu	mse
222	3	0.0630	0.5348	2.0603	0.5070	512	relu	mse
223	4	0.0601	0.5681	2.0415	0.5251	512	relu	mse
224	5	0.0571	0.5973	2.0287	0.5256	512	relu	mse
225	6	0.0547	0.6242	2.0174	0.5303	512	relu	mse
226	7	0.0523	0.6505	2.0226	0.5335	512	relu	mse
227	8	0.0499	0.6761	2.0123	0.5324	512	relu	mse
228	9	0.0477	0.6980	1.9991	0.5345	512	relu	mse
229	10	0.0455	0.7216	2.0035	0.5346	512	relu	mse
230	11	0.0433	0.7447	2.0017	0.5374	512	relu	mse
231	12	0.0411	0.7670	1.9931	0.5389	512	relu	mse
232	13	0.0391	0.7865	1.9951	0.5343	512	relu	mse
233	14	0.0370	0.8065	1.9830	0.5410	512	relu	mse
234	15	0.0352	0.8248	1.9784	0.5388	512	relu	mse
235	16	0.0334	0.8404	1.9821	0.5338	512	relu	mse
236	17	0.0317	0.8559	1.9808	0.5372	512	relu	mse
237	18	0.0300	0.8705	1.9717	0.5419	512	relu	mse
238	19	0.0284	0.8831	1.9636	0.5347	512	relu	mse
239	20	0.0269	0.8940	1.9736	0.5378	512	relu	mse
240	1	0.0738	0.4135	2.0994	0.4624	1024	relu	mse
241	2	0.0663	0.4981	2.0734	0.5068	1024	relu	mse
242	3	0.0622	0.5437	2.0708	0.5148	1024	relu	mse
243	4	0.0588	0.5822	2.0465	0.5210	1024	relu	mse
244	5	0.0557	0.6160	2.0101	0.5228	1024	relu	mse
245	6	0.0526	0.6519	2.0140	0.5411	1024	relu	mse
246	7	0.0495	0.6849	2.0097	0.5377	1024	relu	mse
247	8	0.0466	0.7154	2.0054	0.5391	1024	relu	mse
248	9	0.0437	0.7482	1.9873	0.5443	1024	relu	mse
249	10	0.0407	0.7767	1.9937	0.5414	1024	relu	mse
250	11	0.0377	0.8080	1.9821	0.5470	1024	relu	mse
251	12	0.0350	0.8385	1.9772	0.5495	1024	relu	mse
252	13	0.0323	0.8603	1.9684	0.5537	1024	relu	mse
253	14	0.0299	0.8796	1.9676	0.5491	1024	relu	mse
254	15	0.0276	0.9011	1.9700	0.5543	1024	relu	mse
255	16	0.0252	0.9175	1.9689	0.5524	1024	relu	mse
256	17	0.0233	0.9307	1.9608	0.5481	1024	relu	mse
257	18	0.0213	0.9442	1.9559	0.5517	1024	relu	mse
258	19	0.0198	0.9524	1.9690	0.5428	1024	relu	mse
259	20	0.0180	0.9608	1.9568	0.5523	1024	relu	mse
260	1	0.0737	0.4189	2.1061	0.4725	2048	relu	mse
261	2	0.0660	0.5061	2.0717	0.5042	2048	relu	mse
262	3	0.0617	0.5510	2.0522	0.5028	2048	relu	mse
263	4	0.0579	0.5921	2.0443	0.5247	2048	relu	mse
264	5	0.0545	0.6322	2.0235	0.5367	2048	relu	mse
265	6	0.0508	0.6734	2.0116	0.5429	2048	relu	mse
266	7	0.0474	0.7120	1.9963	0.5513	2048	relu	mse
267	8	0.0438	0.7514	1.9886	0.5491	2048	relu	mse
268	9	0.0401	0.7892	1.9748	0.5463	2048	relu	mse
269	10	0.0365	0.8275	1.9847	0.5565	2048	relu	mse
270	11	0.0331	0.8581	1.9721	0.5492	2048	relu	mse
271	12	0.0298	0.8890	1.9652	0.5582	2048	relu	mse
272	13	0.0266	0.9140	1.9793	0.5565	2048	relu	mse
273	14	0.0238	0.9349	1.9621	0.5597	2048	relu	mse
274	15	0.0211	0.9493	1.9600	0.5600	2048	relu	mse
275	16	0.0187	0.9621	1.9593	0.5652	2048	relu	mse
276	17	0.0165	0.9724	1.9539	0.5645	2048	relu	mse
277	18	0.0147	0.9785	1.9533	0.5692	2048	relu	mse
278	19	0.0130	0.9835	1.9595	0.5634	2048	relu	mse
279	20	0.0116	0.9874	1.9488	0.5693	2048	relu	mse
280	1	0.0736	0.4172	2.0968	0.4700	4096	relu	mse
281	2	0.0659	0.5042	2.0693	0.5058	4096	relu	mse
282	3	0.0613	0.5539	2.0428	0.5286	4096	relu	mse
283	4	0.0575	0.5976	2.0319	0.5347	4096	relu	mse
284	5	0.0536	0.6427	2.0115	0.5424	4096	relu	mse
285	6	0.0497	0.6856	1.9987	0.5496	4096	relu	mse
286	7	0.0458	0.7310	1.9854	0.5539	4096	relu	mse
287	8	0.0417	0.7727	1.9943	0.5473	4096	relu	mse
288	9	0.0377	0.8165	1.9856	0.5591	4096	relu	mse
289	10	0.0334	0.8585	1.9813	0.5579	4096	relu	mse
290	11	0.0297	0.8930	1.9597	0.5704	4096	relu	mse
291	12	0.0259	0.9226	1.9760	0.5620	4096	relu	mse
292	13	0.0225	0.9420	1.9569	0.5761	4096	relu	mse
293	14	0.0196	0.9587	1.9490	0.5726	4096	relu	mse
294	15	0.0169	0.9713	1.9588	0.5714	4096	relu	mse
295	16	0.0144	0.9799	1.9562	0.5750	4096	relu	mse
296	17	0.0124	0.9852	1.9515	0.5755	4096	relu	mse
297	18	0.0107	0.9893	1.9418	0.5821	4096	relu	mse
298	19	0.0093	0.9918	1.9474	0.5794	4096	relu	mse
299	20	0.0080	0.9940	1.9445	0.5851	4096	relu	mse
300	1	0.0735	0.4203	2.0840	0.4786	8192	relu	mse
301	2	0.0657	0.5074	2.0609	0.4969	8192	relu	mse
302	3	0.0612	0.5570	2.0329	0.5283	8192	relu	mse
303	4	0.0571	0.6006	2.0229	0.5312	8192	relu	mse
304	5	0.0529	0.6482	2.0107	0.5540	8192	relu	mse
305	6	0.0489	0.6948	2.0114	0.5553	8192	relu	mse
306	7	0.0447	0.7427	1.9929	0.5633	8192	relu	mse
307	8	0.0402	0.7913	1.9818	0.5665	8192	relu	mse
308	9	0.0356	0.8395	1.9741	0.5640	8192	relu	mse
309	10	0.0312	0.8785	1.9731	0.5706	8192	relu	mse
310	11	0.0270	0.9130	1.9557	0.5728	8192	relu	mse
311	12	0.0231	0.9381	1.9558	0.5732	8192	relu	mse
312	13	0.0197	0.9587	1.9511	0.5737	8192	relu	mse
313	14	0.0166	0.9711	1.9603	0.5731	8192	relu	mse
314	15	0.0141	0.9797	1.9487	0.5816	8192	relu	mse
315	16	0.0119	0.9866	1.9469	0.5791	8192	relu	mse
316	17	0.0101	0.9906	1.9474	0.5824	8192	relu	mse
317	18	0.0086	0.9931	1.9392	0.5868	8192	relu	mse
318	19	0.0072	0.9956	1.9427	0.5854	8192	relu	mse
319	20	0.0062	0.9965	1.9479	0.5799	8192	relu	mse
320	1	1.9320	0.3180	1.8950	0.3384	64	tanh	xent
321	2	1.8855	0.3474	1.8683	0.3492	64	tanh	xent
322	3	1.8724	0.3504	1.8666	0.3613	64	tanh	xent
323	4	1.8662	0.3596	1.8563	0.3744	64	tanh	xent
324	5	1.8547	0.3614	1.8804	0.3478	64	tanh	xent
325	6	1.8386	0.3681	1.8453	0.3663	64	tanh	xent
326	7	1.8352	0.3723	1.8613	0.3750	64	tanh	xent
327	8	1.8377	0.3730	1.8660	0.3713	64	tanh	xent
328	9	1.8383	0.3713	1.9130	0.3371	64	tanh	xent
329	10	1.8319	0.3751	1.8905	0.3493	64	tanh	xent
330	11	1.8260	0.3768	1.8602	0.3597	64	tanh	xent
331	12	1.8254	0.3776	1.8356	0.3733	64	tanh	xent
332	13	1.8280	0.3745	1.8824	0.3638	64	tanh	xent
333	14	1.8153	0.3820	1.8524	0.3649	64	tanh	xent
334	15	1.8217	0.3808	1.8202	0.3757	64	tanh	xent
335	16	1.8130	0.3853	1.8795	0.3766	64	tanh	xent
336	17	1.8072	0.3872	1.8219	0.3746	64	tanh	xent
337	18	1.8076	0.3865	1.8614	0.3742	64	tanh	xent
338	19	1.8028	0.3879	1.9008	0.3621	64	tanh	xent
339	20	1.8082	0.3827	1.8357	0.3811	64	tanh	xent
340	1	1.9213	0.3236	1.8749	0.3333	128	tanh	xent
341	2	1.8693	0.3510	1.8818	0.3536	128	tanh	xent
342	3	1.8539	0.3600	1.8860	0.3542	128	tanh	xent
343	4	1.8401	0.3677	1.8978	0.3627	128	tanh	xent
344	5	1.8352	0.3706	1.8707	0.3486	128	tanh	xent
345	6	1.8340	0.3730	1.8566	0.3482	128	tanh	xent
346	7	1.8248	0.3739	1.8782	0.3736	128	tanh	xent
347	8	1.8238	0.3798	1.8388	0.3676	128	tanh	xent
348	9	1.8179	0.3839	1.8906	0.3587	128	tanh	xent
349	10	1.8108	0.3829	1.9070	0.3574	128	tanh	xent
350	11	1.8114	0.3840	1.8143	0.3890	128	tanh	xent
351	12	1.7957	0.3934	1.8167	0.3797	128	tanh	xent
352	13	1.8038	0.3900	1.8289	0.3838	128	tanh	xent
353	14	1.8060	0.3883	1.8853	0.3787	128	tanh	xent
354	15	1.8001	0.3897	1.8620	0.3878	128	tanh	xent
355	16	1.7869	0.3941	1.8371	0.3695	128	tanh	xent
356	17	1.7892	0.3970	1.8563	0.3825	128	tanh	xent
357	18	1.7898	0.3954	1.8502	0.3855	128	tanh	xent
358	19	1.7959	0.3912	1.8429	0.3685	128	tanh	xent
359	20	1.7861	0.3957	1.8183	0.3870	128	tanh	xent
360	1	1.9120	0.3275	1.8514	0.3492	256	tanh	xent
361	2	1.8437	0.3635	1.8589	0.3704	256	tanh	xent
362	3	1.8231	0.3731	1.8406	0.3769	256	tanh	xent
363	4	1.8165	0.3788	1.7916	0.3837	256	tanh	xent
364	5	1.8127	0.3783	1.8762	0.3674	256	tanh	xent
365	6	1.8023	0.3849	1.7836	0.3918	256	tanh	xent
366	7	1.8014	0.3909	1.8071	0.3855	256	tanh	xent
367	8	1.7909	0.3920	1.7872	0.3910	256	tanh	xent
368	9	1.7854	0.3951	1.8236	0.3807	256	tanh	xent
369	10	1.7805	0.4005	1.9115	0.3648	256	tanh	xent
370	11	1.7767	0.4013	1.8085	0.3946	256	tanh	xent
371	12	1.7706	0.4046	1.8958	0.3720	256	tanh	xent
372	13	1.7664	0.4045	1.8357	0.3903	256	tanh	xent
373	14	1.7549	0.4084	1.8118	0.3968	256	tanh	xent
374	15	1.7467	0.4086	1.8157	0.3806	256	tanh	xent
375	16	1.7366	0.4134	1.8613	0.3898	256	tanh	xent
376	17	1.7432	0.4105	1.8221	0.3899	256	tanh	xent
377	18	1.7245	0.4173	1.8792	0.3826	256	tanh	xent
378	19	1.7309	0.4180	1.8119	0.3933	256	tanh	xent
379	20	1.7312	0.4190	1.8645	0.3885	256	tanh	xent
380	1	1.8987	0.3365	1.8498	0.3589	512	tanh	xent
381	2	1.8333	0.3658	1.8598	0.3647	512	tanh	xent
382	3	1.8121	0.3770	1.8494	0.3550	512	tanh	xent
383	4	1.7959	0.3869	1.8410	0.3860	512	tanh	xent
384	5	1.7902	0.3897	1.8339	0.3795	512	tanh	xent
385	6	1.7738	0.3973	1.8253	0.3863	512	tanh	xent
386	7	1.7686	0.3979	1.7926	0.3847	512	tanh	xent
387	8	1.7560	0.4052	1.8331	0.3943	512	tanh	xent
388	9	1.7490	0.4073	1.8106	0.3837	512	tanh	xent
389	10	1.7388	0.4127	1.8021	0.3877	512	tanh	xent
390	11	1.7345	0.4155	1.8193	0.3917	512	tanh	xent
391	12	1.7244	0.4212	1.8118	0.3913	512	tanh	xent
392	13	1.7245	0.4187	1.7886	0.4017	512	tanh	xent
393	14	1.7223	0.4206	1.8550	0.3754	512	tanh	xent
394	15	1.7144	0.4223	1.8047	0.4055	512	tanh	xent
395	16	1.7109	0.4255	1.8132	0.3945	512	tanh	xent
396	17	1.7126	0.4214	1.8088	0.3998	512	tanh	xent
397	18	1.7089	0.4280	1.8085	0.4055	512	tanh	xent
398	19	1.6984	0.4283	1.8225	0.3961	512	tanh	xent
399	20	1.6857	0.4359	1.8191	0.4000	512	tanh	xent
400	1	1.8957	0.3367	1.8394	0.3617	1024	tanh	xent
401	2	1.8314	0.3655	1.8282	0.3834	1024	tanh	xent
402	3	1.8033	0.3808	1.8094	0.3904	1024	tanh	xent
403	4	1.7831	0.3917	1.8464	0.3765	1024	tanh	xent
404	5	1.7655	0.3969	1.8317	0.3781	1024	tanh	xent
405	6	1.7592	0.4029	1.8687	0.3717	1024	tanh	xent
406	7	1.7591	0.4037	1.8381	0.3910	1024	tanh	xent
407	8	1.7451	0.4094	1.8648	0.3746	1024	tanh	xent
408	9	1.7239	0.4161	1.9025	0.3853	1024	tanh	xent
409	10	1.7183	0.4187	1.8507	0.3861	1024	tanh	xent
410	11	1.7068	0.4254	1.8398	0.3932	1024	tanh	xent
411	12	1.7043	0.4271	1.8736	0.3898	1024	tanh	xent
412	13	1.6942	0.4317	1.8030	0.3955	1024	tanh	xent
413	14	1.6879	0.4311	1.8651	0.3876	1024	tanh	xent
414	15	1.6713	0.4380	1.8268	0.4135	1024	tanh	xent
415	16	1.6646	0.4390	1.9202	0.3829	1024	tanh	xent
416	17	1.6633	0.4404	1.8588	0.3843	1024	tanh	xent
417	18	1.6565	0.4415	1.8738	0.3908	1024	tanh	xent
418	19	1.6486	0.4481	1.8200	0.4032	1024	tanh	xent
419	20	1.6503	0.4464	1.8546	0.3924	1024	tanh	xent
420	1	1.8857	0.3403	1.8258	0.3544	2048	tanh	xent
421	2	1.8161	0.3726	1.7907	0.3904	2048	tanh	xent
422	3	1.7918	0.3846	1.7716	0.3821	2048	tanh	xent
423	4	1.7716	0.3943	1.7589	0.4043	2048	tanh	xent
424	5	1.7556	0.3991	1.8947	0.3721	2048	tanh	xent
425	6	1.7396	0.4086	1.7892	0.3979	2048	tanh	xent
426	7	1.7307	0.4121	1.8629	0.3742	2048	tanh	xent
427	8	1.7203	0.4186	1.9389	0.3649	2048	tanh	xent
428	9	1.7185	0.4202	1.7939	0.3957	2048	tanh	xent
429	10	1.7145	0.4204	1.8558	0.3871	2048	tanh	xent
430	11	1.6846	0.4294	1.9219	0.3734	2048	tanh	xent
431	12	1.6885	0.4308	1.8374	0.3940	2048	tanh	xent
432	13	1.6735	0.4403	1.8756	0.3920	2048	tanh	xent
433	14	1.6739	0.4393	1.9221	0.3906	2048	tanh	xent
434	15	1.6514	0.4471	1.8309	0.3909	2048	tanh	xent
435	16	1.6412	0.4506	1.8757	0.3854	2048	tanh	xent
436	17	1.6293	0.4505	1.8476	0.3905	2048	tanh	xent
437	18	1.6268	0.4542	1.8693	0.3941	2048	tanh	xent
438	19	1.6249	0.4559	1.9009	0.3864	2048	tanh	xent
439	20	1.6176	0.4592	1.8799	0.3896	2048	tanh	xent
440	1	1.8829	0.3418	1.7881	0.3793	4096	tanh	xent
441	2	1.8177	0.3747	1.8420	0.3752	4096	tanh	xent
442	3	1.7903	0.3852	1.8796	0.3551	4096	tanh	xent
443	4	1.7657	0.3977	1.7571	0.4081	4096	tanh	xent
444	5	1.7521	0.4022	1.8482	0.3714	4096	tanh	xent
445	6	1.7347	0.4101	1.9188	0.3436	4096	tanh	xent
446	7	1.7290	0.4142	1.8109	0.3893	4096	tanh	xent
447	8	1.7069	0.4227	1.8426	0.3658	4096	tanh	xent
448	9	1.6952	0.4272	1.8019	0.4026	4096	tanh	xent
449	10	1.6739	0.4329	1.7929	0.4140	4096	tanh	xent
450	11	1.6644	0.4397	1.8227	0.4002	4096	tanh	xent
451	12	1.6599	0.4420	1.8313	0.3888	4096	tanh	xent
452	13	1.6292	0.4492	1.8310	0.3966	4096	tanh	xent
453	14	1.6284	0.4520	1.8057	0.4166	4096	tanh	xent
454	15	1.6303	0.4514	1.8228	0.4036	4096	tanh	xent
455	16	1.6104	0.4583	1.8733	0.3864	4096	tanh	xent
456	17	1.6071	0.4602	2.0412	0.3824	4096	tanh	xent
457	18	1.6007	0.4592	1.8304	0.3944	4096	tanh	xent
458	19	1.5879	0.4660	1.8489	0.4013	4096	tanh	xent
459	20	1.5764	0.4681	1.9035	0.4032	4096	tanh	xent
460	1	1.8890	0.3374	1.8444	0.3437	8192	tanh	xent
461	2	1.8137	0.3741	1.7710	0.3765	8192	tanh	xent
462	3	1.7838	0.3848	1.8877	0.3500	8192	tanh	xent
463	4	1.7647	0.3984	1.8122	0.3836	8192	tanh	xent
464	5	1.7493	0.4050	1.8923	0.3654	8192	tanh	xent
465	6	1.7310	0.4101	1.7653	0.3954	8192	tanh	xent
466	7	1.7145	0.4185	1.8104	0.3791	8192	tanh	xent
467	8	1.7026	0.4242	1.8057	0.3906	8192	tanh	xent
468	9	1.6787	0.4303	1.8737	0.3813	8192	tanh	xent
469	10	1.6663	0.4378	1.8381	0.3839	8192	tanh	xent
470	11	1.6513	0.4419	1.8263	0.3959	8192	tanh	xent
471	12	1.6301	0.4478	1.8363	0.3992	8192	tanh	xent
472	13	1.6185	0.4531	1.7574	0.4122	8192	tanh	xent
473	14	1.6184	0.4496	1.7761	0.4057	8192	tanh	xent
474	15	1.5887	0.4624	1.8230	0.4024	8192	tanh	xent
475	16	1.5989	0.4605	1.9395	0.3767	8192	tanh	xent
476	17	1.5805	0.4666	1.8677	0.3923	8192	tanh	xent
477	18	1.5721	0.4705	1.8478	0.4023	8192	tanh	xent
478	19	1.5574	0.4769	1.7686	0.4224	8192	tanh	xent
479	20	1.5315	0.4813	1.8851	0.3914	8192	tanh	xent
480	1	0.0803	0.3590	2.1839	0.3863	64	tanh	mse
481	2	0.0769	0.4106	2.1591	0.4129	64	tanh	mse
482	3	0.0752	0.4302	2.1512	0.4286	64	tanh	mse
483	4	0.0739	0.4463	2.1463	0.4332	64	tanh	mse
484	5	0.0727	0.4619	2.1401	0.4325	64	tanh	mse
485	6	0.0719	0.4713	2.1294	0.4387	64	tanh	mse
486	7	0.0710	0.4777	2.1306	0.4388	64	tanh	mse
487	8	0.0703	0.4834	2.1219	0.4453	64	tanh	mse
488	9	0.0696	0.4916	2.1120	0.4512	64	tanh	mse
489	10	0.0688	0.5012	2.1173	0.4502	64	tanh	mse
490	11	0.0682	0.5054	2.1131	0.4476	64	tanh	mse
491	12	0.0676	0.5122	2.1078	0.4523	64	tanh	mse
492	13	0.0670	0.5171	2.1110	0.4497	64	tanh	mse
493	14	0.0666	0.5221	2.1078	0.4579	64	tanh	mse
494	15	0.0660	0.5289	2.0999	0.4555	64	tanh	mse
495	16	0.0655	0.5306	2.0933	0.4582	64	tanh	mse
496	17	0.0651	0.5368	2.1026	0.4525	64	tanh	mse
497	18	0.0645	0.5419	2.0970	0.4607	64	tanh	mse
498	19	0.0642	0.5474	2.0961	0.4569	64	tanh	mse
499	20	0.0637	0.5521	2.1010	0.4568	64	tanh	mse
500	1	0.0800	0.3661	2.1722	0.4010	128	tanh	mse
501	2	0.0758	0.4245	2.1512	0.4289	128	tanh	mse
502	3	0.0737	0.4524	2.1422	0.4390	128	tanh	mse
503	4	0.0719	0.4721	2.1266	0.4446	128	tanh	mse
504	5	0.0706	0.4860	2.1262	0.4393	128	tanh	mse
505	6	0.0693	0.5012	2.1156	0.4539	128	tanh	mse
506	7	0.0682	0.5154	2.1033	0.4668	128	tanh	mse
507	8	0.0672	0.5245	2.1085	0.4650	128	tanh	mse
508	9	0.0661	0.5352	2.0910	0.4665	128	tanh	mse
509	10	0.0652	0.5455	2.0884	0.4726	128	tanh	mse
510	11	0.0643	0.5546	2.0951	0.4640	128	tanh	mse
511	12	0.0634	0.5645	2.0775	0.4615	128	tanh	mse
512	13	0.0625	0.5746	2.0836	0.4797	128	tanh	mse
513	14	0.0618	0.5802	2.0818	0.4711	128	tanh	mse
514	15	0.0612	0.5898	2.0798	0.4669	128	tanh	mse
515	16	0.0604	0.5971	2.0809	0.4663	128	tanh	mse
516	17	0.0597	0.6029	2.0838	0.4692	128	tanh	mse
517	18	0.0591	0.6113	2.0733	0.4642	128	tanh	mse
518	19	0.0583	0.6166	2.0755	0.4570	128	tanh	mse
519	20	0.0576	0.6262	2.0792	0.4652	128	tanh	mse
520	1	0.0796	0.3704	2.1734	0.4068	256	tanh	mse
521	2	0.0752	0.4327	2.1455	0.4321	256	tanh	mse
522	3	0.0726	0.4659	2.1271	0.4563	256	tanh	mse
523	4	0.0705	0.4895	2.1261	0.4548	256	tanh	mse
524	5	0.0688	0.5105	2.1038	0.4707	256	tanh	mse
525	6	0.0672	0.5273	2.1062	0.4733	256	tanh	mse
526	7	0.0656	0.5430	2.0946	0.4747	256	tanh	mse
527	8	0.0641	0.5645	2.0872	0.4687	256	tanh	mse
528	9	0.0628	0.5777	2.0849	0.4699	256	tanh	mse
529	10	0.0614	0.5934	2.0718	0.4749	256	tanh	mse
530	11	0.0601	0.6059	2.0714	0.4742	256	tanh	mse
531	12	0.0588	0.6203	2.0756	0.4768	256	tanh	mse
532	13	0.0576	0.6352	2.0777	0.4745	256	tanh	mse
533	14	0.0563	0.6466	2.0706	0.4771	256	tanh	mse
534	15	0.0551	0.6599	2.0659	0.4745	256	tanh	mse
535	16	0.0540	0.6728	2.0647	0.4676	256	tanh	mse
536	17	0.0530	0.6821	2.0635	0.4700	256	tanh	mse
537	18	0.0519	0.6943	2.0538	0.4740	256	tanh	mse
538	19	0.0509	0.7044	2.0599	0.4637	256	tanh	mse
539	20	0.0498	0.7155	2.0590	0.4755	256	tanh	mse
540	1	0.0792	0.3766	2.1644	0.4179	512	tanh	mse
541	2	0.0745	0.4400	2.1332	0.4518	512	tanh	mse
542	3	0.0715	0.4770	2.1216	0.4503	512	tanh	mse
543	4	0.0691	0.5047	2.1072	0.4748	512	tanh	mse
544	5	0.0670	0.5315	2.0950	0.4694	512	tanh	mse
545	6	0.0649	0.5566	2.0861	0.4762	512	tanh	mse
546	7	0.0629	0.5839	2.0850	0.4816	512	tanh	mse
547	8	0.0610	0.6075	2.0720	0.4814	512	tanh	mse
548	9	0.0591	0.6275	2.0756	0.4799	512	tanh	mse
549	10	0.0573	0.6491	2.0645	0.4774	512	tanh	mse
550	11	0.0556	0.6698	2.0687	0.4869	512	tanh	mse
551	12	0.0537	0.6890	2.0565	0.4858	512	tanh	mse
552	13	0.0520	0.7078	2.0587	0.4817	512	tanh	mse
553	14	0.0502	0.7248	2.0480	0.4832	512	tanh	mse
554	15	0.0486	0.7432	2.0582	0.4753	512	tanh	mse
555	16	0.0468	0.7614	2.0520	0.4752	512	tanh	mse
556	17	0.0451	0.7790	2.0502	0.4773	512	tanh	mse
557	18	0.0436	0.7922	2.0445	0.4791	512	tanh	mse
558	19	0.0419	0.8091	2.0453	0.4712	512	tanh	mse
559	20	0.0405	0.8207	2.0426	0.4733	512	tanh	mse
560	1	0.0793	0.3726	2.1686	0.4180	1024	tanh	mse
561	2	0.0742	0.4449	2.1384	0.4573	1024	tanh	mse
562	3	0.0708	0.4828	2.1134	0.4713	1024	tanh	mse
563	4	0.0681	0.5196	2.1011	0.4635	1024	tanh	mse
564	5	0.0656	0.5507	2.0947	0.4728	1024	tanh	mse
565	6	0.0632	0.5794	2.0838	0.4922	1024	tanh	mse
566	7	0.0607	0.6154	2.0831	0.4803	1024	tanh	mse
567	8	0.0585	0.6427	2.0751	0.4790	1024	tanh	mse
568	9	0.0560	0.6733	2.0688	0.4766	1024	tanh	mse
569	10	0.0537	0.7028	2.0571	0.4932	1024	tanh	mse
570	11	0.0512	0.7309	2.0452	0.4944	1024	tanh	mse
571	12	0.0488	0.7593	2.0536	0.4929	1024	tanh	mse
572	13	0.0465	0.7831	2.0591	0.4813	1024	tanh	mse
573	14	0.0443	0.8057	2.0475	0.4876	1024	tanh	mse
574	15	0.0420	0.8266	2.0373	0.4856	1024	tanh	mse
575	16	0.0398	0.8487	2.0405	0.4893	1024	tanh	mse
576	17	0.0376	0.8663	2.0401	0.4814	1024	tanh	mse
577	18	0.0354	0.8843	2.0292	0.4930	1024	tanh	mse
578	19	0.0335	0.8980	2.0346	0.4805	1024	tanh	mse
579	20	0.0315	0.9125	2.0346	0.4846	1024	tanh	mse
580	1	0.0793	0.3775	2.1625	0.4247	2048	tanh	mse
581	2	0.0739	0.4466	2.1358	0.4452	2048	tanh	mse
582	3	0.0703	0.4926	2.1182	0.4628	2048	tanh	mse
583	4	0.0675	0.5261	2.0931	0.4791	2048	tanh	mse
584	5	0.0646	0.5627	2.0860	0.4841	2048	tanh	mse
585	6	0.0622	0.5924	2.0839	0.4836	2048	tanh	mse
586	7	0.0593	0.6308	2.0708	0.4945	2048	tanh	mse
587	8	0.0568	0.6656	2.0630	0.4937	2048	tanh	mse
588	9	0.0539	0.7013	2.0655	0.4934	2048	tanh	mse
589	10	0.0512	0.7334	2.0451	0.5027	2048	tanh	mse
590	11	0.0485	0.7652	2.0442	0.4879	2048	tanh	mse
591	12	0.0458	0.7933	2.0504	0.4865	2048	tanh	mse
592	13	0.0431	0.8218	2.0402	0.4940	2048	tanh	mse
593	14	0.0403	0.8499	2.0394	0.4964	2048	tanh	mse
594	15	0.0377	0.8709	2.0401	0.4832	2048	tanh	mse
595	16	0.0351	0.8906	2.0300	0.4915	2048	tanh	mse
596	17	0.0324	0.9104	2.0420	0.4875	2048	tanh	mse
597	18	0.0299	0.9259	2.0363	0.4950	2048	tanh	mse
598	19	0.0275	0.9384	2.0297	0.4954	2048	tanh	mse
599	20	0.0253	0.9502	2.0250	0.4968	2048	tanh	mse
600	1	0.0791	0.3794	2.1608	0.4256	4096	tanh	mse
601	2	0.0737	0.4496	2.1371	0.4522	4096	tanh	mse
602	3	0.0702	0.4933	2.1120	0.4761	4096	tanh	mse
603	4	0.0671	0.5302	2.0942	0.4883	4096	tanh	mse
604	5	0.0643	0.5678	2.0870	0.4837	4096	tanh	mse
605	6	0.0613	0.6064	2.0751	0.4835	4096	tanh	mse
606	7	0.0586	0.6426	2.0766	0.4852	4096	tanh	mse
607	8	0.0557	0.6807	2.0676	0.4800	4096	tanh	mse
608	9	0.0531	0.7135	2.0420	0.5015	4096	tanh	mse
609	10	0.0502	0.7478	2.0504	0.4845	4096	tanh	mse
610	11	0.0475	0.7774	2.0657	0.4812	4096	tanh	mse
611	12	0.0449	0.8042	2.0373	0.5035	4096	tanh	mse
612	13	0.0425	0.8272	2.0269	0.5027	4096	tanh	mse
613	14	0.0397	0.8538	2.0417	0.5076	4096	tanh	mse
614	15	0.0369	0.8759	2.0459	0.4922	4096	tanh	mse
615	16	0.0342	0.8962	2.0314	0.4991	4096	tanh	mse
616	17	0.0314	0.9133	2.0311	0.4948	4096	tanh	mse
617	18	0.0291	0.9279	2.0321	0.4984	4096	tanh	mse
618	19	0.0265	0.9412	2.0275	0.4941	4096	tanh	mse
619	20	0.0240	0.9534	2.0287	0.4852	4096	tanh	mse
620	1	0.0791	0.3776	2.1565	0.4216	8192	tanh	mse
621	2	0.0737	0.4485	2.1274	0.4575	8192	tanh	mse
622	3	0.0701	0.4928	2.1014	0.4617	8192	tanh	mse
623	4	0.0669	0.5323	2.1012	0.4790	8192	tanh	mse
624	5	0.0639	0.5711	2.0944	0.4794	8192	tanh	mse
625	6	0.0609	0.6116	2.0737	0.4869	8192	tanh	mse
626	7	0.0582	0.6468	2.0722	0.4848	8192	tanh	mse
627	8	0.0554	0.6819	2.0707	0.4887	8192	tanh	mse
628	9	0.0535	0.7086	2.0654	0.4907	8192	tanh	mse
629	10	0.0506	0.7435	2.0519	0.5025	8192	tanh	mse
630	11	0.0480	0.7696	2.0545	0.4920	8192	tanh	mse
631	12	0.0458	0.7974	2.0496	0.4963	8192	tanh	mse
632	13	0.0434	0.8188	2.0494	0.4848	8192	tanh	mse
633	14	0.0411	0.8390	2.0410	0.4944	8192	tanh	mse
634	15	0.0390	0.8587	2.0412	0.4897	8192	tanh	mse
635	16	0.0368	0.8721	2.0408	0.5031	8192	tanh	mse
636	17	0.0344	0.8911	2.0443	0.4899	8192	tanh	mse
637	18	0.0319	0.9073	2.0280	0.5016	8192	tanh	mse
638	19	0.0298	0.9202	2.0289	0.5058	8192	tanh	mse
639	20	0.0276	0.9324	2.0310	0.5008	8192	tanh	mse
